$,G,P,T,X,T,",",0,1,",",0,1,",",0,2,",",u,-,b,l,o,x, ,a,g, ,-, ,w,w,w,.,u,-,b,l,o,x,.,c,o,m,*,5,0,"","
",$,G,P,T,X,T,",",0,1,",",0,1,",",0,2,",",H,W, , ,U,B,X,-,G,7,0,x,x, , , ,0,0,0,7,0,0,0,0, ,F,F,7,F,F,F,F,F,o,*,6,9,"","
",$,G,P,T,X,T,",",0,1,",",0,1,",",0,2,",",R,O,M, ,C,O,R,E, ,1,.,0,0, ,(,5,9,8,4,2,), ,J,u,n, ,2,7, ,2,0,1,2, ,1,7,:,4,3,:,5,2,*,5,9,"","
",$,G,P,T,X,T,",",0,1,",",0,1,",",0,2,",",P,R,O,T,V,E,R, ,1,4,.,0,0,*,1,E,"","
",$,G,P,T,X,T,",",0,1,",",0,1,",",0,2,",",A,N,T,S,U,P,E,R,V,=,A,C, ,S,D, ,P,D,o,S, ,S,R,*,2,0,"","
",$,G,P,T,X,T,",",0,1,",",0,1,",",0,2,",",A,N,T,S,T,A,T,U,S,=,O,K,*,3,B,"","
",$,G,P,T,X,T,",",0,1,",",0,1,",",0,2,",",L,L,C, ,F,F,F,F,F,F,F,F,-,F,F,F,F,F,F,F,F,-,F,F,F,F,F,F,F,F,-,F,F,F,F,F,F,F,F,-,F,F,F,F,F,F,F,D,*,2,C,"","
"
",",1,6,5,3,1,0,.,0,0,",",V,",",",",",",",",",",",",",",1,5,0,8,2,4,",",",",",",N,*,7,7,"","
",$,G,P,V,T,G,",",",",",",",",",",",",",",",",",",N,*,3,0,"","
",$,G,P,G,G,A,",",1,6,5,3,1,0,.,0,0,",",",",",",",",",",0,",",0,0,",",9,9,.,9,9,",",",",",",",",",",",",*,6,6,"","
",$,G,P,G,S,A,",",A,",",1,",",",",",",",",",",",",",",",",",",",",",",",",",",9,9,.,9,9,",",9,9,.,9,9,",",9,9,.,9,9,*,3,0,"","
",$,G,P,G,S,V,",",3,",",1,",",1,2,",",0,5,",",1,1,",",0,5,3,",",",",0,8,",",0,0,",",3,1,9,",",",",1,0,",",2,8,",",2,2,5,",",",",1,3,",",2,5,",",0,5,3,",",1,5,*,7,1,"","
",$,G,P,G,S,V,",",3,",",2,",",1,2,",",1,5,",",4,3,",",0,8,7,",",2,8,",",1,6,",",3,1,",",2,7,7,",",",",1,8,",",7,3,",",0,6,7,",",",",2,3,",",6,5,",",2,1,7,",",1,7,*,7,6,"","
",$,G,P,G,S,V,",",3,",",3,",",1,2,",",2,6,",",1,9,",",2,4,1,",",",",2,7,",",2,9,",",3,0,9,",",",",2,9,",",2,1,",",1,4,6,",",",",3,0,",",0,0,",",0,1,5,",",*,7,9,"","
",$,G,P,G,L,L,",",",",",",",",",",1,6,5,3,1,0,.,0,0,",",V,",",N,*,4,A,"","
"
",",1,6,5,3,1,1,.,0,0,",",V,",",",",",",",",",",",",",",1,5,0,8,2,4,",",",",",",N,*,7,6,"","
",$,G,P,V,T,G,",",",",",",",",",",",",",",",",",",N,*,3,0,"","
",$,G,P,G,G,A,",",1,6,5,3,1,1,.,0,0,",",",",",",",",",",0,",",0,0,",",9,9,.,9,9,",",",",",",",",",",",",*,6,7,"","
",$,G,P,G,S,A,",",A,",",1,",",",",",",",",",",",",",",",",",",",",",",",",",",9,9,.,9,9,",",9,9,.,9,9,",",9,9,.,9,9,*,3,0,"","
",$,G,P,G,S,V,",",3,",",1,",",1,2,",",0,5,",",1,1,",",0,5,3,",",",",0,8,",",0,0,",",3,1,9,",",",",1,0,",",2,8,",",2,2,5,",",",",1,3,",",2,5,",",0,5,3,",",1,3,*,7,7,"","
",$,G,P,G,S,V,",",3,",",2,",",1,2,",",1,5,",",4,3,",",0,8,7,",",2,9,",",1,6,",",3,1,",",2,7,7,",",",",1,8,",",7,3,",",0,6,7,",",",",2,3,",",6,5,",",2,1,7,",",1,7,*,7,7,"","
",$,G,P,G,S,V,",",3,",",3,",",1,2,",",2,6,",",1,9,",",2,4,1,",",",",2,7,",",2,9,",",3,0,9,",",",",2,9,",",2,1,",",1,4,6,",",1,8,",",3,0,",",0,0,",",0,1,5,",",*,7,0,"","
",$,G,P,G,L,L,",",",",",",",",",",1,6,5,3,1,1,.,0,0,",",V,",",N,*,4,B,"","
"
",",1,6,5,3,1,2,.,0,0,",",V,",",",",",",",",",",",",",",1,5,0,8,2,4,",",",",",",N,*,7,5,"","
",$,G,P,V,T,G,",",",",",",",",",",",",",",",",",",N,*,3,0,"","
",$,G,P,G,G,A,",",1,6,5,3,1,2,.,0,0,",",",",",",",",",",0,",",0,0,",",9,9,.,9,9,",",",",",",",",",",",",*,6,4,"","
",$,G,P,G,S,A,",",A,",",1,",",",",",",",",",",",",",",",",",",",",",",",",",",9,9,.,9,9,",",9,9,.,9,9,",",9,9,.,9,9,*,3,0,"","
",$,G,P,G,S,V,",",3,",",1,",",1,2,",",0,5,",",1,1,",",0,5,3,",",",",0,8,",",0,0,",",3,1,9,",",",",1,0,",",2,8,",",2,2,5,",",",",1,3,",",2,5,",",0,5,3,",",1,2,*,7,6,"","
",$,G,P,G,S,V,",",3,",",2,",",1,2,",",1,5,",",4,3,",",0,8,7,",",2,8,",",1,6,",",3,1,",",2,7,7,",",",",1,8,",",7,3,",",0,6,7,",",",",2,3,",",6,5,",",2,1,7,",",1,7,*,7,6,"","
",$,G,P,G,S,V,",",3,",",3,",",1,2,",",2,6,",",1,9,",",2,4,1,",",",",2,7,",",2,9,",",3,0,9,",",",",2,9,",",2,1,",",1,4,6,",",1,5,",",3,0,",",0,0,",",0,1,5,",",*,7,D,"","
",$,G,P,G,L,L,",",",",",",",",",",1,6,5,3,1,2,.,0,0,",",V,",",N,*,4,8,"","
"
",",1,6,5,3,1,3,.,0,0,",",V,",",",",",",",",",",",",",",1,5,0,8,2,4,",",",",",",N,*,7,4,"","
",$,G,P,V,T,G,",",",",",",",",",",",",",",",",",",N,*,3,0,"","
",$,G,P,G,G,A,",",1,6,5,3,1,3,.,0,0,",",",",",",",",",",0,",",0,0,",",9,9,.,9,9,",",",",",",",",",",",",*,6,5,"","
",$,G,P,G,S,A,",",A,",",1,",",",",",",",",",",",",",",",",",",",",",",",",",",9,9,.,9,9,",",9,9,.,9,9,",",9,9,.,9,9,*,3,0,"","
",$,G,P,G,S,V,",",3,",",1,",",1,2,",",0,5,",",1,1,",",0,5,3,",",1,8,",",0,8,",",0,0,",",3,1,9,",",",",1,0,",",2,8,",",2,2,5,",",",",1,3,",",2,5,",",0,5,3,",",0,9,*,7,5,"","
",$,G,P,G,S,V,",",3,",",2,",",1,2,",",1,5,",",4,3,",",0,8,7,",",2,8,",",1,6,",",3,1,",",2,7,7,",",",",1,8,",",7,3,",",0,6,7,",",",",2,3,",",6,5,",",2,1,7,",",1,7,*,7,6,"","
",$,G,P,G,S,V,",",3,",",3,",",1,2,",",2,6,",",1,9,",",2,4,1,",",",",2,7,",",2,9,",",3,0,9,",",",",2,9,",",2,1,",",1,4,6,",",1,1,",",3,0,",",0,0,",",0,1,5,",",*,7,9,"","
",$,G,P,G,L,L,",",",",",",",",",",1,6,5,3,1,3,.,0,0,",",V,",",N,*,4,9,"","
"
",",1,6,5,3,1,4,.,0,0,",",V,",",",",",",",",",",",",",",1,5,0,8,2,4,",",",",",",N,*,7,3,"","
",$,G,P,V,T,G,",",",",",",",",",",",",",",",",",",N,*,3,0,"","
",$,G,P,G,G,A,",",1,6,5,3,1,4,.,0,0,",",",",",",",",",",0,",",0,0,",",9,9,.,9,9,",",",",",",",",",",",",*,6,2,"","
",$,G,P,G,S,A,",",A,",",1,",",",",",",",",",",",",",",",",",",",",",",",",",",9,9,.,9,9,",",9,9,.,9,9,",",9,9,.,9,9,*,3,0,"","
",$,G,P,G,S,V,",",3,",",1,",",1,2,",",0,5,",",1,1,",",0,5,3,",",2,0,",",0,8,",",0,0,",",3,1,9,",",",",1,0,",",2,8,",",2,2,5,",",",",1,3,",",2,5,",",0,5,3,",",0,9,*,7,E,"","
",$,G,P,G,S,V,",",3,",",2,",",1,2,",",1,5,",",4,3,",",0,8,7,",",2,8,",",1,6,",",3,1,",",2,7,7,",",",",1,8,",",7,3,",",0,6,7,",",",",2,3,",",6,5,",",2,1,7,",",1,6,*,7,7,"","
",$,G,P,G,S,V,",",3,",",3,",",1,2,",",2,6,",",1,9,",",2,4,1,",",",",2,7,",",2,9,",",3,0,9,",",",",2,9,",",2,1,",",1,4,6,",",0,8,",",3,0,",",0,0,",",0,1,5,",",*,7,1,"","
",$,G,P,G,L,L,",",",",",",",",",",1,6,5,3,1,4,.,0,0,",",V,",",N,*,4,E,"","
"
",",1,6,5,3,1,5,.,0,0,",",V,",",",",",",",",",",",",",",1,5,0,8,2,4,",",",",",",N,*,7,2,"","
",$,G,P,V,T,G,",",",",",",",",",",",",",",",",",",N,*,3,0,"","
",$,G,P,G,G,A,",",1,6,5,3,1,5,.,0,0,",",",",",",",",",",0,",",0,0,",",9,9,.,9,9,",",",",",",",",",",",",*,6,3,"","
",$,G,P,G,S,A,",",A,",",1,",",",",",",",",",",",",",",",",",",",",",",",",",",9,9,.,9,9,",",9,9,.,9,9,",",9,9,.,9,9,*,3,0,"","
",$,G,P,G,S,V,",",3,",",1,",",1,2,",",0,5,",",1,1,",",0,5,3,",",",",0,8,",",0,0,",",3,1,9,",",",",1,0,",",2,8,",",2,2,5,",",",",1,3,",",2,5,",",0,5,3,",",0,9,*,7,C,"","
",$,G,P,G,S,V,",",3,",",2,",",1,2,",",1,5,",",4,3,",",0,8,7,",",2,8,",",1,6,",",3,1,",",2,7,7,",",",",1,8,",",7,3,",",0,6,7,",",",",2,3,",",6,5,",",2,1,7,",",1,6,*,7,7,"","
",$,G,P,G,S,V,",",3,",",3,",",1,2,",",2,6,",",1,9,",",2,4,1,",",",",2,7,",",2,9,",",3,0,9,",",",",2,9,",",2,1,",",1,4,6,",",",",3,0,",",0,0,",",0,1,5,",",*,7,9,"","
",$,G,P,G,L,L,",",",",",",",",",",1,6,5,3,1,5,.,0,0,",",V,",",N,*,4,F,"","
"
",",1,6,5,3,1,6,.,0,0,",",V,",",",",",",",",",",",",",",1,5,0,8,2,4,",",",",",",N,*,7,1,"","
",$,G,P,V,T,G,",",",",",",",",",",",",",",",",",",N,*,3,0,"","
",$,G,P,G,G,A,",",1,6,5,3,1,6,.,0,0,",",",",",",",",",",0,",",0,0,",",9,9,.,9,9,",",",",",",",",",",",",*,6,0,"","
",$,G,P,G,S,A,",",A,",",1,",",",",",",",",",",",",",",",",",",",",",",",",",",9,9,.,9,9,",",9,9,.,9,9,",",9,9,.,9,9,*,3,0,"","
",$,G,P,G,S,V,",",3,",",1,",",1,2,",",0,5,",",1,1,",",0,5,3,",",1,9,",",0,8,",",0,0,",",3,1,9,",",",",1,0,",",2,8,",",2,2,5,",",",",1,3,",",2,5,",",0,5,3,",",1,2,*,7,E,"","
",$,G,P,G,S,V,",",3,",",2,",",1,2,",",1,5,",",4,3,",",0,8,7,",",2,8,",",1,6,",",3,1,",",2,7,7,",",",",1,8,",",7,3,",",0,6,7,",",",",2,3,",",6,5,",",2,1,7,",",1,6,*,7,7,"","
",$,G,P,G,S,V,",",3,",",3,",",1,2,",",2,6,",",1,9,",",2,4,1,",",",",2,7,",",2,9,",",3,0,9,",",",",2,9,",",2,1,",",1,4,6,",",",",3,0,",",0,0,",",0,1,5,",",*,7,9,"","
",$,G,P,G,L,L,",",",",",",",",",",1,6,5,3,1,6,.,0,0,",",V,",",N,*,4,C,"","
"
",",1,6,5,3,1,7,.,0,0,",",V,",",",",",",",",",",",",",",1,5,0,8,2,4,",",",",",",N,*,7,0,"","
",$,G,P,V,T,G,",",",",",",",",",",",",",",",",",",N,*,3,0,"","
",$,G,P,G,G,A,",",1,6,5,3,1,7,.,0,0,",",",",",",",",",",0,",",0,0,",",9,9,.,9,9,",",",",",",",",",",",",*,6,1,"","
",$,G,P,G,S,A,",",A,",",1,",",",",",",",",",",",",",",",",",",",",",",",",",",9,9,.,9,9,",",9,9,.,9,9,",",9,9,.,9,9,*,3,0,"","
",$,G,P,G,S,V,",",3,",",1,",",1,2,",",0,5,",",1,1,",",0,5,3,",",1,7,",",0,8,",",0,0,",",3,1,9,",",",",1,0,",",2,8,",",2,2,5,",",",",1,3,",",2,5,",",0,5,3,",",1,3,*,7,1,"","
",$,G,P,G,S,V,",",3,",",2,",",1,2,",",1,5,",",4,3,",",0,8,7,",",2,8,",",1,6,",",3,1,",",2,7,7,",",",",1,8,",",7,3,",",0,6,7,",",",",2,3,",",6,5,",",2,1,7,",",1,7,*,7,6,"","
",$,G,P,G,S,V,",",3,",",3,",",1,2,",",2,6,",",1,9,",",2,4,1,",",",",2,7,",",2,9,",",3,0,9,",",",",2,9,",",2,1,",",1,4,6,",",",",3,0,",",0,0,",",0,1,5,",",*,7,9,"","
",$,G,P,G,L,L,",",",",",",",",",",1,6,5,3,1,7,.,0,0,",",V,",",N,*,4,D,"","
"
",",1,6,5,3,1,8,.,0,0,",",V,",",",",",",",",",",",",",",1,5,0,8,2,4,",",",",",",N,*,7,F,"","
",$,G,P,V,T,G,",",",",",",",",",",",",",",",",",",N,*,3,0,"","
",$,G,P,G,G,A,",",1,6,5,3,1,8,.,0,0,",",",",",",",",",",0,",",0,0,",",9,9,.,9,9,",",",",",",",",",",",",*,6,E,"","
",$,G,P,G,S,A,",",A,",",1,",",",",",",",",",",",",",",",",",",",",",",",",",",9,9,.,9,9,",",9,9,.,9,9,",",9,9,.,9,9,*,3,0,"","
",$,G,P,G,S,V,",",3,",",1,",",1,2,",",0,5,",",1,1,",",0,5,3,",",",",0,8,",",0,0,",",3,1,9,",",",",1,0,",",2,8,",",2,2,5,",",",",1,3,",",2,5,",",0,5,3,",",1,3,*,7,7,"","
",$,G,P,G,S,V,",",3,",",2,",",1,2,",",1,5,",",4,3,",",0,8,7,",",2,8,",",1,6,",",3,1,",",2,7,7,",",",",1,8,",",7,3,",",0,6,7,",",",",2,3,",",6,5,",",2,1,7,",",1,7,*,7,6,"","
",$,G,P,G,S,V,",",3,",",3,",",1,2,",",2,6,",",1,9,",",2,4,1,",",",",2,7,",",2,9,",",3,0,9,",",",",2,9,",",2,1,",",1,4,6,",",",",3,0,",",0,0,",",0,1,5,",",*,7,9,"","
",$,G,P,G,L,L,",",",",",",",",",",1,6,5,3,1,8,.,0,0,",",V,",",N,*,4,2,"","
"
",",1,6,5,3,1,9,.,0,0,",",V,",",",",",",",",",",",",",",1,5,0,8,2,4,",",",",",",N,*,7,E,"","
",$,G,P,V,T,G,",",",",",",",",",",",",",",",",",",N,*,3,0,"","
",$,G,P,G,G,A,",",1,6,5,3,1,9,.,0,0,",",",",",",",",",",0,",",0,0,",",9,9,.,9,9,",",",",",",",",",",",",*,6,F,"","
",$,G,P,G,S,A,",",A,",",1,",",",",",",",",",",",",",",",",",",",",",",",",",",9,9,.,9,9,",",9,9,.,9,9,",",9,9,.,9,9,*,3,0,"","
",$,G,P,G,S,V,",",3,",",1,",",1,2,",",0,5,",",1,1,",",0,5,3,",",",",0,8,",",0,0,",",3,1,9,",",",",1,0,",",2,8,",",2,2,5,",",",",1,3,",",2,5,",",0,5,3,",",1,2,*,7,6,"","
",$,G,P,G,S,V,",",3,",",2,",",1,2,",",1,5,",",4,3,",",0,8,7,",",2,8,",",1,6,",",3,1,",",2,7,7,",",",",1,8,",",7,3,",",0,6,7,",",",",2,3,",",6,5,",",2,1,7,",",1,7,*,7,6,"","
",$,G,P,G,S,V,",",3,",",3,",",1,2,",",2,6,",",1,9,",",2,4,1,",",",",2,7,",",2,9,",",3,0,9,",",",",2,9,",",2,1,",",1,4,6,",",",",3,0,",",0,0,",",0,1,5,",",*,7,9,"","
",$,G,P,G,L,L,",",",",",",",",",",1,6,5,3,1,9,.,0,0,",",V,",",N,*,4,3,"","
"
",",1,6,5,3,2,0,.,0,0,",",V,",",",",",",",",",",",",",",1,5,0,8,2,4,",",",",",",N,*,7,4,"","
",$,G,P,V,T,G,",",",",",",",",",",",",",",",",",",N,*,3,0,"","
",$,G,P,G,G,A,",",1,6,5,3,2,0,.,0,0,",",",",",",",",",",0,",",0,0,",",9,9,.,9,9,",",",",",",",",",",",",*,6,5,"","
",$,G,P,G,S,A,",",A,",",1,",",",",",",",",",",",",",",",",",",",",",",",",",",9,9,.,9,9,",",9,9,.,9,9,",",9,9,.,9,9,*,3,0,"","
",$,G,P,G,S,V,",",3,",",1,",",1,2,",",0,5,",",1,0,",",0,5,3,",",",",0,8,",",0,0,",",3,1,9,",",",",1,0,",",2,8,",",2,2,5,",",",",1,3,",",2,5,",",0,5,3,",",1,1,*,7,4,"","
",$,G,P,G,S,V,",",3,",",2,",",1,2,",",1,5,",",4,3,",",0,8,7,",",2,8,",",1,6,",",3,1,",",2,7,7,",",",",1,8,",",7,3,",",0,6,7,",",",",2,3,",",6,5,",",2,1,7,",",1,6,*,7,7,"","
",$,G,P,G,S,V,",",3,",",3,",",1,2,",",2,6,",",1,9,",",2,4,1,",",",",2,7,",",2,9,",",3,0,9,",",",",2,9,",",2,1,",",1,4,6,",",",",3,0,",",0,0,",",0,1,5,",",*,7,9,"","
",$,G,P,G,L,L,",",",",",",",",",",1,6,5,3,2,0,.,0,0,",",V,",",N,*,4,9,"","
"
",",1,6,5,3,2,1,.,0,0,",",V,",",",",",",",",",",",",",",1,5,0,8,2,4,",",",",",",N,*,7,5,"","
",$,G,P,V,T,G,",",",",",",",",",",",",",",",",",",N,*,3,0,"","
",$,G,P,G,G,A,",",1,6,5,3,2,1,.,0,0,",",",",",",",",",",0,",",0,0,",",9,9,.,9,9,",",",",",",",",",",",",*,6,4,"","
",$,G,P,G,S,A,",",A,",",1,",",",",",",",",",",",",",",",",",",",",",",",",",",9,9,.,9,9,",",9,9,.,9,9,",",9,9,.,9,9,*,3,0,"","
",$,G,P,G,S,V,",",3,",",1,",",1,2,",",0,5,",",1,0,",",0,5,3,",",",",0,8,",",0,0,",",3,1,9,",",",",1,0,",",2,8,",",2,2,5,",",",",1,3,",",2,5,",",0,5,3,",",1,1,*,7,4,"","
",$,G,P,G,S,V,",",3,",",2,",",1,2,",",1,5,",",4,3,",",0,8,7,",",2,8,",",1,6,",",3,1,",",2,7,7,",",",",1,8,",",7,3,",",0,6,7,",",1,7,",",2,3,",",6,5,",",2,1,7,",",1,6,*,7,1,"","
",$,G,P,G,S,V,",",3,",",3,",",1,2,",",2,6,",",1,9,",",2,4,1,",",",",2,7,",",2,9,",",3,0,9,",",",",2,9,",",2,1,",",1,4,6,",",",",3,0,",",0,0,",",0,1,5,",",*,7,9,"","
",$,G,P,G,L,L,",",",",",",",",",",1,6,5,3,2,1,.,0,0,",",V,",",N,*,4,8,"","
"
",",1,6,5,3,2,2,.,0,0,",",V,",",",",",",",",",",",",",",1,5,0,8,2,4,",",",",",",N,*,7,6,"","
",$,G,P,V,T,G,",",",",",",",",",",",",",",",",",",N,*,3,0,"","
",$,G,P,G,G,A,",",1,6,5,3,2,2,.,0,0,",",",",",",",",",",0,",",0,0,",",9,9,.,9,9,",",",",",",",",",",",",*,6,7,"","
",$,G,P,G,S,A,",",A,",",1,",",",",",",",",",",",",",",",",",",",",",",",",",",9,9,.,9,9,",",9,9,.,9,9,",",9,9,.,9,9,*,3,0,"","
",$,G,P,G,S,V,",",3,",",1,",",1,2,",",0,5,",",1,0,",",0,5,3,",",",",0,8,",",0,0,",",3,1,9,",",",",1,0,",",2,8,",",2,2,5,",",",",1,3,",",2,5,",",0,5,3,",",1,2,*,7,7,"","
",$,G,P,G,S,V,",",3,",",2,",",1,2,",",1,5,",",4,3,",",0,8,7,",",2,8,",",1,6,",",3,1,",",2,7,7,",",",",1,8,",",7,3,",",0,6,7,",",",",2,3,",",6,5,",",2,1,7,",",1,7,*,7,6,"","
",$,G,P,G,S,V,",",3,",",3,",",1,2,",",2,6,",",1,9,",",2,4,1,",",",",2,7,",",2,9,",",3,0,9,",",",",2,9,",",2,1,",",1,4,6,",",",",3,0,",",0,0,",",0,1,5,",",*,7,9,"","
",$,G,P,G,L,L,",",",",",",",",",",1,6,5,3,2,2,.,0,0,",",V,",",N,*,4,B,"","
"
",",1,6,5,3,2,3,.,0,0,",",V,",",",",",",",",",",",",",",1,5,0,8,2,4,",",",",",",N,*,7,7,"","
",$,G,P,V,T,G,",",",",",",",",",",",",",",",",",",N,*,3,0,"","
",$,G,P,G,G,A,",",1,6,5,3,2,3,.,0,0,",",",",",",",",",",0,",",0,0,",",9,9,.,9,9,",",",",",",",",",",",",*,6,6,"","
",$,G,P,G,S,A,",",A,",",1,",",",",",",",",",",",",",",",",",",",",",",",",",",9,9,.,9,9,",",9,9,.,9,9,",",9,9,.,9,9,*,3,0,"","
",$,G,P,G,S,V,",",3,",",1,",",1,2,",",0,5,",",1,0,",",0,5,3,",",",",0,8,",",0,0,",",3,1,9,",",",",1,0,",",2,8,",",2,2,5,",",",",1,3,",",2,5,",",0,5,3,",",1,1,*,7,4,"","
",$,G,P,G,S,V,",",3,",",2,",",1,2,",",1,5,",",4,3,",",0,8,7,",",2,7,",",1,6,",",3,1,",",2,7,7,",",",",1,8,",",7,3,",",0,6,7,",",2,0,",",2,3,",",6,5,",",2,1,7,",",1,6,*,7,A,"","
",$,G,P,G,S,V,",",3,",",3,",",1,2,",",2,6,",",1,9,",",2,4,1,",",",",2,7,",",2,9,",",3,0,9,",",",",2,9,",",2,1,",",1,4,6,",",",",3,0,",",0,0,",",0,1,5,",",*,7,9,"","
",$,G,P,G,L,L,",",",",",",",",",",1,6,5,3,2,3,.,0,0,",",V,",",N,*,4,A,"","
"
",",1,6,5,3,2,4,.,0,0,",",V,",",",",",",",",",",",",",",1,5,0,8,2,4,",",",",",",N,*,7,0,"","
",$,G,P,V,T,G,",",",",",",",",",",",",",",",",",",N,*,3,0,"","
",$,G,P,G,G,A,",",1,6,5,3,2,4,.,0,0,",",",",",",",",",",0,",",0,0,",",9,9,.,9,9,",",",",",",",",",",",",*,6,1,"","
",$,G,P,G,S,A,",",A,",",1,",",",",",",",",",",",",",",",",",",",",",",",",",",9,9,.,9,9,",",9,9,.,9,9,",",9,9,.,9,9,*,3,0,"","
",$,G,P,G,S,V,",",3,",",1,",",1,2,",",0,5,",",1,0,",",0,5,3,",",",",0,8,",",0,0,",",3,1,9,",",",",1,0,",",2,8,",",2,2,5,",",",",1,3,",",2,5,",",0,5,3,",",0,9,*,7,D,"","
",$,G,P,G,S,V,",",3,",",2,",",1,2,",",1,5,",",4,3,",",0,8,7,",",2,8,",",1,6,",",3,1,",",2,7,7,",",",",1,8,",",7,3,",",0,6,7,",",1,8,",",2,3,",",6,5,",",2,1,7,",",1,5,*,7,D,"","
",$,G,P,G,S,V,",",3,",",3,",",1,2,",",2,6,",",1,9,",",2,4,1,",",",",2,7,",",2,9,",",3,0,9,",",",",2,9,",",2,1,",",1,4,6,",",",",3,0,",",0,0,",",0,1,5,",",*,7,9,"","
",$,G,P,G,L,L,",",",",",",",",",",1,6,5,3,2,4,.,0,0,",",V,",",N,*,4,D,"","
"
",",1,6,5,3,2,5,.,0,0,",",V,",",",",",",",",",",",",",",1,5,0,8,2,4,",",",",",",N,*,7,1,"","
",$,G,P,V,T,G,",",",",",",",",",",",",",",",",",",N,*,3,0,"","
",$,G,P,G,G,A,",",1,6,5,3,2,5,.,0,0,",",",",",",",",",",0,",",0,0,",",9,9,.,9,9,",",",",",",",",",",",",*,6,0,"","
",$,G,P,G,S,A,",",A,",",1,",",",",",",",",",",",",",",",",",",",",",",",",",",9,9,.,9,9,",",9,9,.,9,9,",",9,9,.,9,9,*,3,0,"","
",$,G,P,G,S,V,",",3,",",1,",",1,2,",",0,5,",",1,0,",",0,5,3,",",2,0,",",0,8,",",0,0,",",3,1,9,",",",",1,0,",",2,8,",",2,2,5,",",",",1,3,",",2,5,",",0,5,3,",",0,8,*,7,E,"","
",$,G,P,G,S,V,",",3,",",2,",",1,2,",",1,5,",",4,3,",",0,8,7,",",2,8,",",1,6,",",3,1,",",2,7,7,",",",",1,8,",",7,3,",",0,6,7,",",1,2,",",2,3,",",6,5,",",2,1,7,",",1,6,*,7,4,"","
",$,G,P,G,S,V,",",3,",",3,",",1,2,",",2,6,",",1,9,",",2,4,1,",",",",2,7,",",2,9,",",3,0,9,",",",",2,9,",",2,1,",",1,4,6,",",",",3,0,",",0,0,",",0,1,5,",",*,7,9,"","
",$,G,P,G,L,L,",",",",",",",",",",1,6,5,3,2,5,.,0,0,",",V,",",N,*,4,C,"","
"
",",1,6,5,3,2,6,.,0,0,",",V,",",",",",",",",",",",",",",1,5,0,8,2,4,",",",",",",N,*,7,2,"","
",$,G,P,V,T,G,",",",",",",",",",",",",",",",",",",N,*,3,0,"","
",$,G,P,G,G,A,",",1,6,5,3,2,6,.,0,0,",",",",",",",",",",0,",",0,0,",",9,9,.,9,9,",",",",",",",",",",",",*,6,3,"","
",$,G,P,G,S,A,",",A,",",1,",",",",",",",",",",",",",",",",",",",",",",",",",",9,9,.,9,9,",",9,9,.,9,9,",",9,9,.,9,9,*,3,0,"","
",$,G,P,G,S,V,",",3,",",1,",",1,2,",",0,5,",",1,0,",",0,5,3,",",1,8,",",0,8,",",0,0,",",3,1,9,",",",",1,0,",",2,8,",",2,2,5,",",",",1,3,",",2,5,",",0,5,3,",",*,7,D,"","
",$,G,P,G,S,V,",",3,",",2,",",1,2,",",1,5,",",4,3,",",0,8,7,",",2,8,",",1,6,",",3,1,",",2,7,7,",",",",1,8,",",7,3,",",0,6,7,",",",",2,3,",",6,5,",",2,1,7,",",1,6,*,7,7,"","
",$,G,P,G,S,V,",",3,",",3,",",1,2,",",2,6,",",1,9,",",2,4,1,",",",",2,7,",",2,9,",",3,0,9,",",",",2,9,",",2,1,",",1,4,6,",",",",3,0,",",0,0,",",0,1,5,",",*,7,9,"","
",$,G,P,G,L,L,",",",",",",",",",",1,6,5,3,2,6,.,0,0,",",V,",",N,*,4,F,"","
"
",",1,6,5,3,2,7,.,0,0,",",V,",",",",",",",",",",",",",",1,5,0,8,2,4,",",",",",",N,*,7,3,"","
",$,G,P,V,T,G,",",",",",",",",",",",",",",",",",",N,*,3,0,"","
",$,G,P,G,G,A,",",1,6,5,3,2,7,.,0,0,",",",",",",",",",",0,",",0,0,",",9,9,.,9,9,",",",",",",",",",",",",*,6,2,"","
",$,G,P,G,S,A,",",A,",",1,",",",",",",",",",",",",",",",",",",",",",",",",",",9,9,.,9,9,",",9,9,.,9,9,",",9,9,.,9,9,*,3,0,"","
",$,G,P,G,S,V,",",3,",",1,",",1,2,",",0,5,",",1,0,",",0,5,3,",",",",0,8,",",0,0,",",3,1,9,",",",",1,0,",",2,8,",",2,2,5,",",",",1,3,",",2,5,",",0,5,3,",",*,7,4,"","
",$,G,P,G,S,V,",",3,",",2,",",1,2,",",1,5,",",4,3,",",0,8,7,",",2,7,",",1,6,",",3,1,",",2,7,7,",",",",1,8,",",7,3,",",0,6,7,",",2,1,",",2,3,",",6,5,",",2,1,7,",",1,5,*,7,8,"","
",$,G,P,G,S,V,",",3,",",3,",",1,2,",",2,6,",",1,9,",",2,4,1,",",",",2,7,",",2,9,",",3,0,9,",",",",2,9,",",2,1,",",1,4,6,",",",",3,0,",",0,0,",",0,1,5,",",*,7,9,"","
",$,G,P,G,L,L,",",",",",",",",",",1,6,5,3,2,7,.,0,0,",",V,",",N,*,4,E,"","
"
",",1,6,5,3,2,8,.,0,0,",",V,",",",",",",",",",",",",",",1,5,0,8,2,4,",",",",",",N,*,7,C,"","
",$,G,P,V,T,G,",",",",",",",",",",",",",",",",",",N,*,3,0,"","
",$,G,P,G,G,A,",",1,6,5,3,2,8,.,0,0,",",",",",",",",",",0,",",0,0,",",9,9,.,9,9,",",",",",",",",",",",",*,6,D,"","
",$,G,P,G,S,A,",",A,",",1,",",",",",",",",",",",",",",",",",",",",",",",",",",9,9,.,9,9,",",9,9,.,9,9,",",9,9,.,9,9,*,3,0,"","
",$,G,P,G,S,V,",",3,",",1,",",1,2,",",0,5,",",1,0,",",0,5,3,",",",",0,8,",",0,0,",",3,1,9,",",",",1,0,",",2,8,",",2,2,5,",",",",1,3,",",2,5,",",0,5,3,",",*,7,4,"","
",$,G,P,G,S,V,",",3,",",2,",",1,2,",",1,5,",",4,3,",",0,8,7,",",2,8,",",1,6,",",3,1,",",2,7,7,",",",",1,8,",",7,3,",",0,6,7,",",1,8,",",2,3,",",6,5,",",2,1,7,",",1,5,*,7,D,"","
",$,G,P,G,S,V,",",3,",",3,",",1,2,",",2,6,",",1,9,",",2,4,1,",",",",2,7,",",2,9,",",3,0,9,",",",",2,9,",",2,1,",",1,4,6,",",",",3,0,",",0,0,",",0,1,5,",",*,7,9,"","
",$,G,P,G,L,L,",",",",",",",",",",1,6,5,3,2,8,.,0,0,",",V,",",N,*,4,1,"","
"
",",1,6,5,3,2,9,.,0,0,",",V,",",",",",",",",",",",",",",1,5,0,8,2,4,",",",",",",N,*,7,D,"","
",$,G,P,V,T,G,",",",",",",",",",",",",",",",",",",N,*,3,0,"","
",$,G,P,G,G,A,",",1,6,5,3,2,9,.,0,0,",",",",",",",",",",0,",",0,0,",",9,9,.,9,9,",",",",",",",",",",",",*,6,C,"","
",$,G,P,G,S,A,",",A,",",1,",",",",",",",",",",",",",",",",",",",",",",",",",",9,9,.,9,9,",",9,9,.,9,9,",",9,9,.,9,9,*,3,0,"","
",$,G,P,G,S,V,",",3,",",1,",",1,2,",",0,5,",",1,0,",",0,5,3,",",",",0,8,",",0,0,",",3,1,9,",",",",1,0,",",2,8,",",2,2,5,",",",",1,3,",",2,5,",",0,5,3,",",*,7,4,"","
",$,G,P,G,S,V,",",3,",",2,",",1,2,",",1,5,",",4,3,",",0,8,7,",",2,7,",",1,6,",",3,1,",",2,7,7,",",",",1,8,",",7,3,",",0,6,7,",",1,6,",",2,3,",",6,5,",",2,1,7,",",1,5,*,7,C,"","
",$,G,P,G,S,V,",",3,",",3,",",1,2,",",2,6,",",1,9,",",2,4,1,",",",",2,7,",",2,9,",",3,0,9,",",",",2,9,",",2,1,",",1,4,6,",",",",3,0,",",0,0,",",0,1,5,",",*,7,9,"","
",$,G,P,G,L,L,",",",",",",",",",",1,6,5,3,2,9,.,0,0,",",V,",",N,*,4,0,"","
"
",",1,6,5,3,3,0,.,0,0,",",V,",",",",",",",",",",",",",",1,5,0,8,2,4,",",",",",",N,*,7,5,"","
",$,G,P,V,T,G,",",",",",",",",",",",",",",",",",",N,*,3,0,"","
",$,G,P,G,G,A,",",1,6,5,3,3,0,.,0,0,",",",",",",",",",",0,",",0,0,",",9,9,.,9,9,",",",",",",",",",",",",*,6,4,"","
",$,G,P,G,S,A,",",A,",",1,",",",",",",",",",",",",",",",",",",",",",",",",",",9,9,.,9,9,",",9,9,.,9,9,",",9,9,.,9,9,*,3,0,"","
",$,G,P,G,S,V,",",3,",",1,",",1,2,",",0,5,",",1,0,",",0,5,3,",",",",0,8,",",0,0,",",3,1,9,",",",",1,0,",",2,8,",",2,2,5,",",",",1,3,",",2,5,",",0,5,3,",",*,7,4,"","
",$,G,P,G,S,V,",",3,",",2,",",1,2,",",1,5,",",4,3,",",0,8,6,",",2,7,",",1,6,",",3,1,",",2,7,7,",",",",1,8,",",7,3,",",0,6,7,",",1,2,",",2,3,",",6,5,",",2,1,7,",",1,4,*,7,8,"","
",$,G,P,G,S,V,",",3,",",3,",",1,2,",",2,6,",",1,9,",",2,4,1,",",",",2,7,",",2,9,",",3,0,9,",",",",2,9,",",2,1,",",1,4,6,",",",",3,0,",",0,0,",",0,1,5,",",*,7,9,"","
",$,G,P,G,L,L,",",",",",",",",",",1,6,5,3,3,0,.,0,0,",",V,",",N,*,4,8,"","
"
",",1,6,5,3,3,1,.,0,0,",",V,",",",",",",",",",",",",",",1,5,0,8,2,4,",",",",",",N,*,7,4,"","
",$,G,P,V,T,G,",",",",",",",",",",",",",",",",",",N,*,3,0,"","
",$,G,P,G,G,A,",",1,6,5,3,3,1,.,0,0,",",",",",",",",",",0,",",0,0,",",9,9,.,9,9,",",",",",",",",",",",",*,6,5,"","
",$,G,P,G,S,A,",",A,",",1,",",",",",",",",",",",",",",",",",",",",",",",",",",9,9,.,9,9,",",9,9,.,9,9,",",9,9,.,9,9,*,3,0,"","
",$,G,P,G,S,V,",",3,",",1,",",1,2,",",0,5,",",1,0,",",0,5,3,",",",",0,8,",",0,0,",",3,1,9,",",",",1,0,",",2,8,",",2,2,5,",",",",1,3,",",2,5,",",0,5,3,",",*,7,4,"","
",$,G,P,G,S,V,",",3,",",2,",",1,2,",",1,5,",",4,3,",",0,8,6,",",2,7,",",1,6,",",3,1,",",2,7,6,",",",",1,8,",",7,3,",",0,6,7,",",1,0,",",2,3,",",6,5,",",2,1,7,",",1,2,*,7,D,"","
",$,G,P,G,S,V,",",3,",",3,",",1,2,",",2,6,",",1,9,",",2,4,1,",",",",2,7,",",2,9,",",3,0,9,",",",",2,9,",",2,1,",",1,4,6,",",",",3,0,",",0,0,",",0,1,5,",",*,7,9,"","
",$,G,P,G,L,L,",",",",",",",",",",1,6,5,3,3,1,.,0,0,",",V,",",N,*,4,9,"","
"
",",1,6,5,3,3,2,.,0,0,",",V,",",",",",",",",",",",",",",1,5,0,8,2,4,",",",",",",N,*,7,7,"","
",$,G,P,V,T,G,",",",",",",",",",",",",",",",",",",N,*,3,0,"","
",$,G,P,G,G,A,",",1,6,5,3,3,2,.,0,0,",",",",",",",",",",0,",",0,0,",",9,9,.,9,9,",",",",",",",",",",",",*,6,6,"","
",$,G,P,G,S,A,",",A,",",1,",",",",",",",",",",",",",",",",",",",",",",",",",",9,9,.,9,9,",",9,9,.,9,9,",",9,9,.,9,9,*,3,0,"","
",$,G,P,G,S,V,",",3,",",1,",",1,2,",",0,5,",",1,0,",",0,5,3,",",",",0,8,",",0,0,",",3,1,9,",",",",1,0,",",2,8,",",2,2,5,",",",",1,3,",",2,5,",",0,5,3,",",*,7,4,"","
",$,G,P,G,S,V,",",3,",",2,",",1,2,",",1,5,",",4,3,",",0,8,6,",",2,7,",",1,6,",",3,1,",",2,7,6,",",",",1,8,",",7,3,",",0,6,7,",",0,9,",",2,3,",",6,5,",",2,1,7,",",1,4,*,7,3,"","
",$,G,P,G,S,V,",",3,",",3,",",1,2,",",2,6,",",1,9,",",2,4,1,",",",",2,7,",",2,9,",",3,0,9,",",",",2,9,",",2,1,",",1,4,6,",",",",3,0,",",0,0,",",0,1,5,",",*,7,9,"","
",$,G,P,G,L,L,",",",",",",",",",",1,6,5,3,3,2,.,0,0,",",V,",",N,*,4,A,"","
"
",",1,6,5,3,3,3,.,0,0,",",V,",",",",",",",",",",",",",",1,5,0,8,2,4,",",",",",",N,*,7,6,"","
",$,G,P,V,T,G,",",",",",",",",",",",",",",",",",",N,*,3,0,"","
",$,G,P,G,G,A,",",1,6,5,3,3,3,.,0,0,",",",",",",",",",",0,",",0,0,",",9,9,.,9,9,",",",",",",",",",",",",*,6,7,"","
",$,G,P,G,S,A,",",A,",",1,",",",",",",",",",",",",",",",",",",",",",",",",",",9,9,.,9,9,",",9,9,.,9,9,",",9,9,.,9,9,*,3,0,"","
",$,G,P,G,S,V,",",3,",",1,",",1,2,",",0,5,",",1,0,",",0,5,3,",",",",0,8,",",0,0,",",3,1,9,",",",",1,0,",",2,8,",",2,2,5,",",",",1,3,",",2,5,",",0,5,3,",",*,7,4,"","
",$,G,P,G,S,V,",",3,",",2,",",1,2,",",1,5,",",4,3,",",0,8,6,",",2,7,",",1,6,",",3,1,",",2,7,6,",",",",1,8,",",7,3,",",0,6,7,",",0,8,",",2,3,",",6,5,",",2,1,7,",",1,3,*,7,5,"","
",$,G,P,G,S,V,",",3,",",3,",",1,2,",",2,6,",",1,9,",",2,4,1,",",",",2,7,",",2,9,",",3,0,9,",",",",2,9,",",2,1,",",1,4,6,",",",",3,0,",",0,0,",",0,1,5,",",*,7,9,"","
",$,G,P,G,L,L,",",",",",",",",",",1,6,5,3,3,3,.,0,0,",",V,",",N,*,4,B,"","
"
",",1,6,5,3,3,4,.,0,0,",",V,",",",",",",",",",",",",",",1,5,0,8,2,4,",",",",",",N,*,7,1,"","
",$,G,P,V,T,G,",",",",",",",",",",",",",",",",",",N,*,3,0,"","
",$,G,P,G,G,A,",",1,6,5,3,3,4,.,0,0,",",",",",",",",",",0,",",0,0,",",9,9,.,9,9,",",",",",",",",",",",",*,6,0,"","
",$,G,P,G,S,A,",",A,",",1,",",",",",",",",",",",",",",",",",",",",",",",",",",9,9,.,9,9,",",9,9,.,9,9,",",9,9,.,9,9,*,3,0,"","
",$,G,P,G,S,V,",",3,",",1,",",1,2,",",0,5,",",1,0,",",0,5,3,",",",",0,8,",",0,0,",",3,1,9,",",",",1,0,",",2,8,",",2,2,5,",",",",1,3,",",2,5,",",0,5,3,",",*,7,4,"","
",$,G,P,G,S,V,",",3,",",2,",",1,2,",",1,5,",",4,3,",",0,8,6,",",2,7,",",1,6,",",3,1,",",2,7,6,",",",",1,8,",",7,3,",",0,6,7,",",",",2,3,",",6,5,",",2,1,7,",",1,4,*,7,A,"","
",$,G,P,G,S,V,",",3,",",3,",",1,2,",",2,6,",",1,9,",",2,4,1,",",",",2,7,",",2,9,",",3,0,9,",",",",2,9,",",2,1,",",1,4,6,",",",",3,0,",",0,0,",",0,1,5,",",*,7,9,"","
",$,G,P,G,L,L,",",",",",",",",",",1,6,5,3,3,4,.,0,0,",",V,",",N,*,4,C,"","
"
",",1,6,5,3,3,5,.,0,0,",",V,",",",",",",",",",",",",",",1,5,0,8,2,4,",",",",",",N,*,7,0,"","
",$,G,P,V,T,G,",",",",",",",",",",",",",",",",",",N,*,3,0,"","
",$,G,P,G,G,A,",",1,6,5,3,3,5,.,0,0,",",",",",",",",",",0,",",0,0,",",9,9,.,9,9,",",",",",",",",",",",",*,6,1,"","
",$,G,P,G,S,A,",",A,",",1,",",",",",",",",",",",",",",",",",",",",",",",",",",9,9,.,9,9,",",9,9,.,9,9,",",9,9,.,9,9,*,3,0,"","
",$,G,P,G,S,V,",",3,",",1,",",1,2,",",0,5,",",1,0,",",0,5,3,",",",",0,8,",",0,0,",",3,1,9,",",",",1,0,",",2,8,",",2,2,5,",",",",1,3,",",2,5,",",0,5,3,",",*,7,4,"","
",$,G,P,G,S,V,",",3,",",2,",",1,2,",",1,5,",",4,3,",",0,8,6,",",2,7,",",1,6,",",3,1,",",2,7,6,",",",",1,8,",",7,3,",",0,6,7,",",",",2,3,",",6,5,",",2,1,7,",",1,5,*,7,B,"","
",$,G,P,G,S,V,",",3,",",3,",",1,2,",",2,6,",",1,9,",",2,4,1,",",",",2,7,",",2,9,",",3,0,9,",",",",2,9,",",2,1,",",1,4,6,",",",",3,0,",",0,0,",",0,1,5,",",*,7,9,"","
",$,G,P,G,L,L,",",",",",",",",",",1,6,5,3,3,5,.,0,0,",",V,",",N,*,4,D,"","
"
",",1,6,5,3,3,6,.,0,0,",",V,",",",",",",",",",",",",",",1,5,0,8,2,4,",",",",",",N,*,7,3,"","
",$,G,P,V,T,G,",",",",",",",",",",",",",",",",",",N,*,3,0,"","
",$,G,P,G,G,A,",",1,6,5,3,3,6,.,0,0,",",",",",",",",",",0,",",0,0,",",9,9,.,9,9,",",",",",",",",",",",",*,6,2,"","
",$,G,P,G,S,A,",",A,",",1,",",",",",",",",",",",",",",",",",",",",",",",",",",9,9,.,9,9,",",9,9,.,9,9,",",9,9,.,9,9,*,3,0,"","
",$,G,P,G,S,V,",",3,",",1,",",1,2,",",0,5,",",1,0,",",0,5,3,",",",",0,8,",",0,0,",",3,1,9,",",",",1,0,",",2,8,",",2,2,5,",",",",1,3,",",2,5,",",0,5,3,",",*,7,4,"","
",$,G,P,G,S,V,",",3,",",2,",",1,2,",",1,5,",",4,3,",",0,8,6,",",2,7,",",1,6,",",3,1,",",2,7,6,",",",",1,8,",",7,3,",",0,6,7,",",",",2,3,",",6,5,",",2,1,7,",",1,4,*,7,A,"","
",$,G,P,G,S,V,",",3,",",3,",",1,2,",",2,6,",",1,9,",",2,4,1,",",",",2,7,",",2,9,",",3,0,9,",",",",2,9,",",2,1,",",1,4,6,",",",",3,0,",",0,0,",",0,1,5,",",*,7,9,"","
",$,G,P,G,L,L,",",",",",",",",",",1,6,5,3,3,6,.,0,0,",",V,",",N,*,4,E,"","
"
",",1,6,5,3,3,7,.,0,0,",",V,",",",",",",",",",",",",",",1,5,0,8,2,4,",",",",",",N,*,7,2,"","
",$,G,P,V,T,G,",",",",",",",",",",",",",",",",",",N,*,3,0,"","
",$,G,P,G,G,A,",",1,6,5,3,3,7,.,0,0,",",",",",",",",",",0,",",0,0,",",9,9,.,9,9,",",",",",",",",",",",",*,6,3,"","
",$,G,P,G,S,A,",",A,",",1,",",",",",",",",",",",",",",",",",",",",",",",",",",9,9,.,9,9,",",9,9,.,9,9,",",9,9,.,9,9,*,3,0,"","
",$,G,P,G,S,V,",",3,",",1,",",1,2,",",0,5,",",1,0,",",0,5,3,",",",",0,8,",",0,0,",",3,1,9,",",",",1,0,",",2,8,",",2,2,5,",",",",1,3,",",2,5,",",0,5,3,",",*,7,4,"","
",$,G,P,G,S,V,",",3,",",2,",",1,2,",",1,5,",",4,3,",",0,8,6,",",2,7,",",1,6,",",3,1,",",2,7,6,",",",",1,8,",",7,3,",",0,6,7,",",",",2,3,",",6,5,",",2,1,7,",",1,3,*,7,D,"","
",$,G,P,G,S,V,",",3,",",3,",",1,2,",",2,6,",",1,9,",",2,4,1,",",",",2,7,",",2,9,",",3,0,9,",",",",2,9,",",2,1,",",1,4,6,",",",",3,0,",",0,0,",",0,1,5,",",*,7,9,"","
",$,G,P,G,L,L,",",",",",",",",",",1,6,5,3,3,7,.,0,0,",",V,",",N,*,4,F,"","
"
",",1,6,5,3,3,8,.,0,0,",",V,",",",",",",",",",",",",",",1,5,0,8,2,4,",",",",",",N,*,7,D,"","
",$,G,P,V,T,G,",",",",",",",",",",",",",",",",",",N,*,3,0,"","
",$,G,P,G,G,A,",",1,6,5,3,3,8,.,0,0,",",",",",",",",",",0,",",0,0,",",9,9,.,9,9,",",",",",",",",",",",",*,6,C,"","
",$,G,P,G,S,A,",",A,",",1,",",",",",",",",",",",",",",",",",",",",",",",",",",9,9,.,9,9,",",9,9,.,9,9,",",9,9,.,9,9,*,3,0,"","
",$,G,P,G,S,V,",",3,",",1,",",1,2,",",0,5,",",1,0,",",0,5,3,",",",",0,8,",",0,0,",",3,1,9,",",",",1,0,",",2,8,",",2,2,5,",",",",1,3,",",2,5,",",0,5,3,",",*,7,4,"","
",$,G,P,G,S,V,",",3,",",2,",",1,2,",",1,5,",",4,3,",",0,8,6,",",2,7,",",1,6,",",3,1,",",2,7,6,",",",",1,8,",",7,3,",",0,6,7,",",",",2,3,",",6,5,",",2,1,8,",",1,4,*,7,5,"","
",$,G,P,G,S,V,",",3,",",3,",",1,2,",",2,6,",",1,9,",",2,4,1,",",",",2,7,",",2,9,",",3,0,9,",",",",2,9,",",2,1,",",1,4,6,",",",",3,0,",",0,0,",",0,1,5,",",*,7,9,"","
",$,G,P,G,L,L,",",",",",",",",",",1,6,5,3,3,8,.,0,0,",",V,",",N,*,4,0,"","
"
",",1,6,5,3,3,9,.,0,0,",",V,",",",",",",",",",",",",",",1,5,0,8,2,4,",",",",",",N,*,7,C,"","
",$,G,P,V,T,G,",",",",",",",",",",",",",",",",",",N,*,3,0,"","
",$,G,P,G,G,A,",",1,6,5,3,3,9,.,0,0,",",",",",",",",",",0,",",0,0,",",9,9,.,9,9,",",",",",",",",",",",",*,6,D,"","
",$,G,P,G,S,A,",",A,",",1,",",",",",",",",",",",",",",",",",",",",",",",",",",9,9,.,9,9,",",9,9,.,9,9,",",9,9,.,9,9,*,3,0,"","
",$,G,P,G,S,V,",",3,",",1,",",1,2,",",0,5,",",1,0,",",0,5,3,",",",",0,8,",",0,0,",",3,1,9,",",",",1,0,",",2,8,",",2,2,5,",",",",1,3,",",2,5,",",0,5,3,",",*,7,4,"","
",$,G,P,G,S,V,",",3,",",2,",",1,2,",",1,5,",",4,3,",",0,8,6,",",2,7,",",1,6,",",3,1,",",2,7,6,",",",",1,8,",",7,3,",",0,6,7,",",",",2,3,",",6,5,",",2,1,8,",",1,2,*,7,3,"","
",$,G,P,G,S,V,",",3,",",3,",",1,2,",",2,6,",",1,9,",",2,4,1,",",",",2,7,",",2,9,",",3,0,9,",",",",2,9,",",2,1,",",1,4,6,",",",",3,0,",",0,0,",",0,1,5,",",*,7,9,"","
",$,G,P,G,L,L,",",",",",",",",",",1,6,5,3,3,9,.,0,0,",",V,",",N,*,4,1,"","
"
",",1,6,5,3,4,0,.,0,0,",",V,",",",",",",",",",",",",",",1,5,0,8,2,4,",",",",",",N,*,7,2,"","
",$,G,P,V,T,G,",",",",",",",",",",",",",",",",",",N,*,3,0,"","
",$,G,P,G,G,A,",",1,6,5,3,4,0,.,0,0,",",",",",",",",",",0,",",0,0,",",9,9,.,9,9,",",",",",",",",",",",",*,6,3,"","
",$,G,P,G,S,A,",",A,",",1,",",",",",",",",",",",",",",",",",",",",",",",",",",9,9,.,9,9,",",9,9,.,9,9,",",9,9,.,9,9,*,3,0,"","
",$,G,P,G,S,V,",",3,",",1,",",1,2,",",0,5,",",1,0,",",0,5,3,",",",",0,8,",",0,0,",",3,1,9,",",",",1,0,",",2,8,",",2,2,5,",",",",1,3,",",2,5,",",0,5,3,",",*,7,4,"","
",$,G,P,G,S,V,",",3,",",2,",",1,2,",",1,5,",",4,3,",",0,8,6,",",2,7,",",1,6,",",3,1,",",2,7,6,",",",",1,8,",",7,3,",",0,6,7,",",",",2,3,",",6,5,",",2,1,8,",",1,3,*,7,2,"","
",$,G,P,G,S,V,",",3,",",3,",",1,2,",",2,6,",",1,9,",",2,4,1,",",",",2,7,",",2,9,",",3,0,9,",",",",2,9,",",2,1,",",1,4,6,",",",",3,0,",",0,0,",",0,1,5,",",*,7,9,"","
",$,G,P,G,L,L,",",",",",",",",",",1,6,5,3,4,0,.,0,0,",",V,",",N,*,4,F,"","
"
",",1,6,5,3,4,1,.,0,0,",",V,",",",",",",",",",",",",",",1,5,0,8,2,4,",",",",",",N,*,7,3,"","
",$,G,P,V,T,G,",",",",",",",",",",",",",",",",",",N,*,3,0,"","
",$,G,P,G,G,A,",",1,6,5,3,4,1,.,0,0,",",",",",",",",",",0,",",0,0,",",9,9,.,9,9,",",",",",",",",",",",",*,6,2,"","
",$,G,P,G,S,A,",",A,",",1,",",",",",",",",",",",",",",",",",",",",",",",",",",9,9,.,9,9,",",9,9,.,9,9,",",9,9,.,9,9,*,3,0,"","
",$,G,P,G,S,V,",",3,",",1,",",1,2,",",0,5,",",1,0,",",0,5,3,",",",",0,8,",",0,0,",",3,1,9,",",",",1,0,",",2,8,",",2,2,5,",",",",1,3,",",2,5,",",0,5,3,",",*,7,4,"","
",$,G,P,G,S,V,",",3,",",2,",",1,2,",",1,5,",",4,3,",",0,8,6,",",2,7,",",1,6,",",3,1,",",2,7,6,",",",",1,8,",",7,3,",",0,6,7,",",",",2,3,",",6,5,",",2,1,8,",",1,4,*,7,5,"","
",$,G,P,G,S,V,",",3,",",3,",",1,2,",",2,6,",",1,9,",",2,4,1,",",",",2,7,",",2,9,",",3,0,9,",",",",2,9,",",2,1,",",1,4,6,",",",",3,0,",",0,0,",",0,1,5,",",*,7,9,"","
",$,G,P,G,L,L,",",",",",",",",",",1,6,5,3,4,1,.,0,0,",",V,",",N,*,4,E,"","
"
",",1,6,5,3,4,2,.,0,0,",",V,",",",",",",",",",",",",",",1,5,0,8,2,4,",",",",",",N,*,7,0,"","
",$,G,P,V,T,G,",",",",",",",",",",",",",",",",",",N,*,3,0,"","
",$,G,P,G,G,A,",",1,6,5,3,4,2,.,0,0,",",",",",",",",",",0,",",0,0,",",9,9,.,9,9,",",",",",",",",",",",",*,6,1,"","
",$,G,P,G,S,A,",",A,",",1,",",",",",",",",",",",",",",",",",",",",",",",",",",9,9,.,9,9,",",9,9,.,9,9,",",9,9,.,9,9,*,3,0,"","
",$,G,P,G,S,V,",",3,",",1,",",1,2,",",0,5,",",1,0,",",0,5,3,",",",",0,8,",",0,0,",",3,1,9,",",",",1,0,",",2,8,",",2,2,5,",",",",1,3,",",2,5,",",0,5,3,",",*,7,4,"","
",$,G,P,G,S,V,",",3,",",2,",",1,2,",",1,5,",",4,3,",",0,8,6,",",2,7,",",1,6,",",3,1,",",2,7,6,",",",",1,8,",",7,3,",",0,6,7,",",",",2,3,",",6,5,",",2,1,8,",",1,4,*,7,5,"","
",$,G,P,G,S,V,",",3,",",3,",",1,2,",",2,6,",",1,9,",",2,4,1,",",",",2,7,",",2,9,",",3,0,9,",",",",2,9,",",2,1,",",1,4,6,",",",",3,0,",",0,0,",",0,1,5,",",*,7,9,"","
",$,G,P,G,L,L,",",",",",",",",",",1,6,5,3,4,2,.,0,0,",",V,",",N,*,4,D,"","
"
",",1,6,5,3,4,3,.,0,0,",",V,",",",",",",",",",",",",",",1,5,0,8,2,4,",",",",",",N,*,7,1,"","
",$,G,P,V,T,G,",",",",",",",",",",",",",",",",",",N,*,3,0,"","
",$,G,P,G,G,A,",",1,6,5,3,4,3,.,0,0,",",",",",",",",",",0,",",0,0,",",9,9,.,9,9,",",",",",",",",",",",",*,6,0,"","
",$,G,P,G,S,A,",",A,",",1,",",",",",",",",",",",",",",",",",",",",",",",",",",9,9,.,9,9,",",9,9,.,9,9,",",9,9,.,9,9,*,3,0,"","
",$,G,P,G,S,V,",",3,",",1,",",1,2,",",0,5,",",1,0,",",0,5,3,",",",",0,8,",",0,0,",",3,1,9,",",",",1,0,",",2,8,",",2,2,5,",",",",1,3,",",2,5,",",0,5,3,",",*,7,4,"","
",$,G,P,G,S,V,",",3,",",2,",",1,2,",",1,5,",",4,3,",",0,8,6,",",2,7,",",1,6,",",3,1,",",2,7,6,",",",",1,8,",",7,3,",",0,6,7,",",",",2,3,",",6,5,",",2,1,8,",",1,4,*,7,5,"","
",$,G,P,G,S,V,",",3,",",3,",",1,2,",",2,6,",",1,9,",",2,4,1,",",",",2,7,",",2,9,",",3,0,9,",",",",2,9,",",2,1,",",1,4,6,",",",",3,0,",",0,0,",",0,1,5,",",*,7,9,"","
",$,G,P,G,L,L,",",",",",",",",",",1,6,5,3,4,3,.,0,0,",",V,",",N,*,4,C,"","
"
",",1,6,5,3,4,4,.,0,0,",",V,",",",",",",",",",",",",",",1,5,0,8,2,4,",",",",",",N,*,7,6,"","
",$,G,P,V,T,G,",",",",",",",",",",",",",",",",",",N,*,3,0,"","
",$,G,P,G,G,A,",",1,6,5,3,4,4,.,0,0,",",",",",",",",",",0,",",0,0,",",9,9,.,9,9,",",",",",",",",",",",",*,6,7,"","
",$,G,P,G,S,A,",",A,",",1,",",",",",",",",",",",",",",",",",",",",",",",",",",9,9,.,9,9,",",9,9,.,9,9,",",9,9,.,9,9,*,3,0,"","
",$,G,P,G,S,V,",",3,",",1,",",1,2,",",0,5,",",1,0,",",0,5,3,",",",",0,8,",",0,0,",",3,1,9,",",",",1,0,",",2,8,",",2,2,5,",",",",1,3,",",2,5,",",0,5,3,",",*,7,4,"","
",$,G,P,G,S,V,",",3,",",2,",",1,2,",",1,5,",",4,3,",",0,8,6,",",2,7,",",1,6,",",3,1,",",2,7,6,",",",",1,8,",",7,3,",",0,6,7,",",",",2,3,",",6,5,",",2,1,8,",",1,4,*,7,5,"","
",$,G,P,G,S,V,",",3,",",3,",",1,2,",",2,6,",",1,9,",",2,4,1,",",",",2,7,",",2,9,",",3,0,9,",",",",2,9,",",2,1,",",1,4,6,",",",",3,0,",",0,0,",",0,1,5,",",*,7,9,"","
",$,G,P,G,L,L,",",",",",",",",",",1,6,5,3,4,4,.,0,0,",",V,",",N,*,4,B,"","
"
